INSERT INTO service_center VALUES ('S0001','Downtown Auto Care','437 Fayetteville St., Raleigh, NC 27601','1.800.899.9999');
INSERT INTO service_center VALUES ('S0002','Express Auto Shop','201 N Tryon St, Charlotte, NC 28202','1.704.333.1555');

INSERT INTO distributor VALUES ('D0001','D1');
INSERT INTO distributor VALUES ('D0002','D2');

INSERT INTO customer VALUES (1001,'Tom Cruise','203, Park St, Raleigh, NC – 27603','1234567890','ethanhunt@gmail.com','S0001');
INSERT INTO customer VALUES (1002,'Robert Downey Jr.','12-A, High St, Raleigh, NC – 27605','9989877791','jarvis@gmail.com','S0001');
INSERT INTO customer VALUES (1003,'Taylor Swift','2A, 3rd Ave, Charlotte, NC – 28134','8179827199','lovestory@gmail.com','S0002');
INSERT INTO customer VALUES (1004,'Serena Williams','90, Gorman St, Charlotte, NC – 28201','8714791879','venus@gmail.com','S0002');

INSERT INTO vehicle VALUES ('XYZ-5643','Honda','Civic',2009,'24-Dec-09',90452,'C','10-sep-18');
INSERT INTO vehicle VALUES ('AHS-3132','Toyota','Prius',2007,'02-Jan-11',65452,'Battery does not hold charge','06-Aug-2018');
INSERT INTO vehicle VALUES ('IRM-1212','Nissan','Altima',2001,'07-Sep-02',210452,'A','11-Feb-18');
INSERT INTO vehicle VALUES ('TSW-3462','Honda','Accord',2015,'09-Dec-15',NULL,NULL,NULL);
INSERT INTO vehicle VALUES ('DEL-8888','Nissan','Rogue',2014,'11-May-16',31209,'A','11-Feb-18');
INSERT INTO vehicle VALUES ('P11-212A','Honda','Accord',2009,'14-Apr-10',60452,'B','01-Sep-17');
INSERT INTO vehicle VALUES ('WIM-BLE5','Toyota','Prius',2013,'01-Mar-14',19876,'A','11-Nov-16');
			
insert into parts values('Air Filter','Toyota',11,NULL);
insert into parts values('Air Filter','Honda',59,NULL);
insert into parts values('Air Filter','Nissan',61,NULL);
insert into parts values('Axel Rod','Toyota',123,2);
insert into parts values('Axel Rod','Honda',141,2);
insert into parts values('Axel Rod','Nissan',241,3);
insert into parts values('Battery','Toyota',63,6);
insert into parts values('Battery','Honda',79,3);
insert into parts values('Battery','Nissan',14,3);
insert into parts values('Brake Fluid','Toyota',24,NULL);
insert into parts values('Brake Fluid','Honda',75,NULL);
insert into parts values('Brake Fluid','Nissan',16,NULL);
insert into parts values('Brake Shoes','Toyota',62,2);
insert into parts values('Brake Shoes','Honda',41,3);
insert into parts values('Brake Shoes','Nissan',47,1);
insert into parts values('Camshaft','Toyota',1428,3);
insert into parts values('Camshaft','Honda',511,2);
insert into parts values('Camshaft','Nissan',1295,2);
insert into parts values('Catalytic Converter','Toyota',801,1);
insert into parts values('Catalytic Converter','Honda',716,2);
insert into parts values('Catalytic Converter','Nissan',589,1);
insert into parts values('Coolant','Toyota',63,NULL);
insert into parts values('Coolant','Honda',10,NULL);
insert into parts values('Coolant','Nissan',39,NULL);
insert into parts values('Drive belt','Toyota',528,1);
insert into parts values('Drive belt','Honda',1443,1);
insert into parts values('Drive belt','Nissan',1084,3);
insert into parts values('Engine oil','Toyota',63,NULL);
insert into parts values('Engine oil','Honda',27,NULL);
insert into parts values('Engine oil','Nissan',14,NULL);
insert into parts values('Gears','Toyota',523,1);
insert into parts values('Gears','Honda',1344,3);
insert into parts values('Gears','Nissan',1176,3);
insert into parts values('Light assembly','Toyota',617,2);
insert into parts values('Light assembly','Honda',1342,2);
insert into parts values('Light assembly','Nissan',1367,2);
insert into parts values('Oil Filter','Toyota',36,NULL);
insert into parts values('Oil Filter','Honda',42,NULL);
insert into parts values('Oil Filter','Nissan',61,NULL);
insert into parts values('Piston','Toyota',1256,1);
insert into parts values('Piston','Honda',1145,1);
insert into parts values('Piston','Nissan',1341,3);
insert into parts values('Power Steering Fluid','Toyota',17,NULL);
insert into parts values('Power Steering Fluid','Honda',24,NULL);
insert into parts values('Power Steering Fluid','Nissan',20,NULL);
insert into parts values('Spark plug','Toyota',64,2);
insert into parts values('Spark plug','Honda',50,2);
insert into parts values('Spark plug','Nissan',11,1);
insert into parts values('Suspension fluid','Toyota',70,NULL);
insert into parts values('Suspension fluid','Honda',77,NULL);
insert into parts values('Suspension fluid','Nissan',32,NULL);
insert into parts values('Valve','Toyota',1338,1);
insert into parts values('Valve','Honda',1261,2);
insert into parts values('Valve','Nissan',1013,1);
insert into parts values('Wiper Fluid','Toyota',28,NULL);
insert into parts values('Wiper Fluid','Honda',56,NULL);
insert into parts values('Wiper Fluid','Nissan',31,NULL);



insert into inventory values('Air Filter','Toyota','S0001',13,2,5);
insert into inventory values('Air Filter','Toyota','S0002',26,5,6);
insert into inventory values('Air Filter','Honda','S0001',43,20,5);
insert into inventory values('Air Filter','Honda','S0002',46,35,6);
insert into inventory values('Air Filter','Nissan','S0001',33,20,5);
insert into inventory values('Air Filter','Nissan','S0002',16,5,6);
insert into inventory values('Axel Rod','Toyota','S0001',18,5,7);
insert into inventory values('Axel Rod','Toyota','S0002',27,6,10);
insert into inventory values('Axel Rod','Honda','S0001',8,5,7);
insert into inventory values('Axel Rod','Honda','S0002',7,6,10);
insert into inventory values('Axel Rod','Nissan','S0001',38,5,7);
insert into inventory values('Axel Rod','Nissan','S0002',17,6,10);
insert into inventory values('Battery','Toyota','S0001',10,2,5);
insert into inventory values('Battery','Toyota','S0002',24,2,3);
insert into inventory values('Battery','Honda','S0001',20,20,5);
insert into inventory values('Battery','Honda','S0002',64,52,3);
insert into inventory values('Battery','Nissan','S0001',30,2,5);
insert into inventory values('Battery','Nissan','S0002',14,5,3);
insert into inventory values('Brake Fluid','Toyota','S0001',4,4,6);
insert into inventory values('Brake Fluid','Toyota','S0002',25,3,3);
insert into inventory values('Brake Fluid','Honda','S0001',14,4,6);
insert into inventory values('Brake Fluid','Honda','S0002',15,3,3);
insert into inventory values('Brake Fluid','Nissan','S0001',34,4,6);
insert into inventory values('Brake Fluid','Nissan','S0002',15,3,3);
insert into inventory values('Brake Shoes','Toyota','S0001',18,4,3);
insert into inventory values('Brake Shoes','Toyota','S0002',20,3,5);
insert into inventory values('Brake Shoes','Honda','S0001',8,4,3);
insert into inventory values('Brake Shoes','Honda','S0002',20,3,5);
insert into inventory values('Brake Shoes','Nissan','S0001',38,4,3);
insert into inventory values('Brake Shoes','Nissan','S0002',10,3,5);
insert into inventory values('Camshaft','Toyota','S0001',12,2,5);
insert into inventory values('Camshaft','Toyota','S0002',22,2,6);
insert into inventory values('Camshaft','Honda','S0001',22,20,5);
insert into inventory values('Camshaft','Honda','S0002',42,42,6);
insert into inventory values('Camshaft','Nissan','S0001',32,20,5);
insert into inventory values('Camshaft','Nissan','S0002',12,4,6);
insert into inventory values('Catalytic Converter','Toyota','S0001',11,1,5);
insert into inventory values('Catalytic Converter','Toyota','S0002',29,4,5);
insert into inventory values('Catalytic Converter','Honda','S0001',31,10,5);
insert into inventory values('Catalytic Converter','Honda','S0002',29,24,5);
insert into inventory values('Catalytic Converter','Nissan','S0001',31,10,5);
insert into inventory values('Catalytic Converter','Nissan','S0002',19,4,5);
insert into inventory values('Coolant','Toyota','S0001',13,2,4);
insert into inventory values('Coolant','Toyota','S0002',21,2,4);
insert into inventory values('Coolant','Honda','S0001',23,23,4);
insert into inventory values('Coolant','Honda','S0002',21,12,4);
insert into inventory values('Coolant','Nissan','S0001',33,23,4);
insert into inventory values('Coolant','Nissan','S0002',11,2,4);
insert into inventory values('Drive belt','Toyota','S0001',15,3,5);
insert into inventory values('Drive belt','Toyota','S0002',20,3,4);
insert into inventory values('Drive belt','Honda','S0001',35,30,5);
insert into inventory values('Drive belt','Honda','S0002',30,23,4);
insert into inventory values('Drive belt','Nissan','S0001',35,30,5);
insert into inventory values('Drive belt','Nissan','S0002',10,3,4);
insert into inventory values('Engine oil','Toyota','S0001',5,5,5);
insert into inventory values('Engine oil','Toyota','S0002',26,20,5);
insert into inventory values('Engine oil','Honda','S0001',15,5,5);
insert into inventory values('Engine oil','Honda','S0002',26,10,5);
insert into inventory values('Engine oil','Nissan','S0001',35,5,5);
insert into inventory values('Engine oil','Nissan','S0002',16,10,5);
insert into inventory values('Gears','Toyota','S0001',8,3,5);
insert into inventory values('Gears','Toyota','S0002',20,7,5);
insert into inventory values('Gears','Honda','S0001',18,3,5);
insert into inventory values('Gears','Honda','S0002',70,7,5);
insert into inventory values('Gears','Nissan','S0001',38,3,5);
insert into inventory values('Gears','Nissan','S0002',10,7,5);
insert into inventory values('Light assembly','Toyota','S0001',2,1,8);
insert into inventory values('Light assembly','Toyota','S0002',28,6,3);
insert into inventory values('Light assembly','Honda','S0001',12,10,8);
insert into inventory values('Light assembly','Honda','S0002',8,6,3);
insert into inventory values('Light assembly','Nissan','S0001',32,10,8);
insert into inventory values('Light assembly','Nissan','S0002',18,6,3);
insert into inventory values('Oil Filter','Toyota','S0001',1,1,4);
insert into inventory values('Oil Filter','Toyota','S0002',21,4,5);
insert into inventory values('Oil Filter','Honda','S0001',11,4,4);
insert into inventory values('Oil Filter','Honda','S0002',31,24,5);
insert into inventory values('Oil Filter','Nissan','S0001',31,4,4);
insert into inventory values('Oil Filter','Nissan','S0002',11,4,5);
insert into inventory values('Piston','Toyota','S0001',15,4,2);
insert into inventory values('Piston','Toyota','S0002',21,3,5);
insert into inventory values('Piston','Honda','S0001',55,48,2);
insert into inventory values('Piston','Honda','S0002',81,73,5);
insert into inventory values('Piston','Nissan','S0001',35,18,2);
insert into inventory values('Piston','Nissan','S0002',11,7,5);
insert into inventory values('Power Steering Fluid','Toyota','S0001',2,1,5);
insert into inventory values('Power Steering Fluid','Toyota','S0002',27,6,4);
insert into inventory values('Power Steering Fluid','Honda','S0001',12,7,5);
insert into inventory values('Power Steering Fluid','Honda','S0002',17,6,4);
insert into inventory values('Power Steering Fluid','Nissan','S0001',32,7,5);
insert into inventory values('Power Steering Fluid','Nissan','S0002',17,6,4);
insert into inventory values('Spark plug','Toyota','S0001',15,4,5);
insert into inventory values('Spark plug','Toyota','S0002',20,2,4);
insert into inventory values('Spark plug','Honda','S0001',45,42,5);
insert into inventory values('Spark plug','Honda','S0002',50,32,4);
insert into inventory values('Spark plug','Nissan','S0001',35,12,5);
insert into inventory values('Spark plug','Nissan','S0002',10,2,4);
insert into inventory values('Suspension fluid','Toyota','S0001',3,1,5);
insert into inventory values('Suspension fluid','Toyota','S0002',25,6,6);
insert into inventory values('Suspension fluid','Honda','S0001',13,11,5);
insert into inventory values('Suspension fluid','Honda','S0002',15,6,6);
insert into inventory values('Suspension fluid','Nissan','S0001',33,11,5);
insert into inventory values('Suspension fluid','Nissan','S0002',15,6,6);
insert into inventory values('Valve','Toyota','S0001',12,7,5);
insert into inventory values('Valve','Toyota','S0002',11,3,6);
insert into inventory values('Valve','Honda','S0001',12,7,5);
insert into inventory values('Valve','Honda','S0002',11,3,6);
insert into inventory values('Valve','Nissan','S0001',32,7,5);
insert into inventory values('Valve','Nissan','S0002',11,3,6);
insert into inventory values('Wiper Fluid','Toyota','S0001',12,5,5);
insert into inventory values('Wiper Fluid','Toyota','S0002',16,13,5);
insert into inventory values('Wiper Fluid','Honda','S0001',12,5,5);
insert into inventory values('Wiper Fluid','Honda','S0002',16,13,5);
insert into inventory values('Wiper Fluid','Nissan','S0001',12,5,5);
insert into inventory values('Wiper Fluid','Nissan','S0002',16,13,5);

insert into manager values ('950932130', 'Larry Cohen','1979 Henry Street, Raleigh, NC 27606','lacohen@acme.com','316-978-5494', '15-AUG-16', 11000,'S0001');
insert into manager values ('291056276', 'Roderick Phillips', '1133 Burton Avenue, Charlotte, NC 28201', 'rophillips@acme.com', '901-777-0492', '15-APR-17', 12000, 'S0002');

insert into receptionist values ('634622236','Willis Martin','465 Aviation Way, Raleigh, NC 27601','wimartin@acme.com','213-988-2011','04-DEC-2017',8000,'S0001');
insert into receptionist values ('911639633','Dena Holmes','1382 Whispering Pines Circle, Charlotte, NC 28205','deholmes@acme.com','972-353-3691','04-JAN-10',9000,'S0002');

insert into mechanic values('557279280', 'Jacob Gloss', '2014 Leverton Cove Road, Raleigh, NC 27560', 'jagloss@acme.com','413-335-9523','29-JUL-18', 30, 'S0001');
insert into mechanic values('183683346', 'Anthony Freeman', '1188 Summit Street, Raleigh, NC 27627', 'anfreeman@acme.com','563-496-7912','09-FEB-15', 40, 'S0001');
insert into mechanic values('557279281', 'Eric Fowler', '1114 Fincham Road, Raleigh, NC 27545', 'erfowler@acme.com','760-457-9846','01-MAY-16', 35, 'S0001');
insert into mechanic values('557279282', 'Roland Richmond', '1951 Little Acres Lane, Raleigh, NC 27513', 'rorichmond@acme.com','829843373', '28-DEC-17', 30, 'S0001');
insert into mechanic values('557279283', 'Peter Fitzpatrick', '4738 Buckhannan Avenue, Raleigh, NC 27625', 'pefitzpatrick@acme.com','315-485-1152','12-APR-17',34, 'S0001');
insert into mechanic values('590424694', 'Dustin Esparza', '3510 Hemlock Lane, Charlotte, NC 28202', 'duesparza@acme.com','956-444-0948','26-JAN-17',35, 'S0002');
insert into mechanic values('401671897', 'Charles Pudilo', '196 Park Boulevard, Charlotte, NC 28222', 'chpudilo@acme.com','641-752-9403','06-JUL-16', 40, 'S0002');
insert into mechanic values('310773348', 'James Rivera', '908 Alpha Avenue, Charlotte, NC 28130', 'jarivera@acme.com', '903-967-1809', '29-OCT-13', 40, 'S0002');
insert into mechanic values('983204784', 'Willis Morton', '404 Tenmile, Charlotte, NC 28134', 'wimorton@acme.com', '757-886-6330', '13-OCT-18', 30, 'S0002');
insert into mechanic values('187658163', 'Rickie Henderson', '1963 Chenoweth Drive, Charlotte, NC 28228', 'rihenderson@acme.com', '931-539-1294', '29-MAR-17', 30, 'S0002');

insert into basic_services values('Air filter change','air filter',50,0.25);
insert into basic_services values('Battery replacement','battery',50,0.25);
insert into basic_services values('Brake check','brake fluid',50,0.25);
insert into basic_services values('Brake repair','brake shoes',50,0.5);
insert into basic_services values('Camshaft replacement','camshaft',65,1);
insert into basic_services values('Catalytic convertor replacement','catalytic convertor',65,1);
insert into basic_services values('Coolant recycle','coolant',50,0.25);
insert into basic_services values('Drive belt replacement','drive belt',65,1);
insert into basic_services values('Engine oil change','engine oil',50,0.25);
insert into basic_services values('Gearbox repair','gears',65,1);
insert into basic_services values('Headlights replacement','light assemby',50,0.5);
insert into basic_services values('Oil filter change','oil filter',50,0.25);
insert into basic_services values('Piston replacement','piston',65,1);
insert into basic_services values('Power steering check','power steering fluid',50,0.25);
insert into basic_services values('Spark plugs replacement','spark plugs',50,0.25);
insert into basic_services values('Suspension check','suspension fluid',50,0.25);
insert into basic_services values('Tail lights replacement','light assemby',50,0.5);
insert into basic_services values('Turn lights replacement','light assemby',50,0.5);
insert into basic_services values('Valve replacement','valves',65,1);
insert into basic_services values('Wheel alignment','axel rod',65,1);
insert into basic_services values('Wiper check','wiper fluid',50,0.25);

insert into vehicle_services values('Air filter change','Toyota','Corolla',1);
insert into vehicle_services values('Battery replacement','Toyota','Corolla',1);
insert into vehicle_services values('Brake check','Toyota','Corolla',1);
insert into vehicle_services values('Brake repair','Toyota','Corolla',4);
insert into vehicle_services values('Camshaft replacement','Toyota','Corolla',1);
insert into vehicle_services values('Catalytic convertor replacement','Toyota','Corolla',1);
insert into vehicle_services values('Coolant recycle','Toyota','Corolla',1);
insert into vehicle_services values('Drive belt replacement','Toyota','Corolla',1);
insert into vehicle_services values('Engine oil change','Toyota','Corolla',1);
insert into vehicle_services values('Gearbox repair','Toyota','Corolla',6);
insert into vehicle_services values('Headlights replacement','Toyota','Corolla',2);
insert into vehicle_services values('Oil filter change','Toyota','Corolla',1);
insert into vehicle_services values('Piston replacement','Toyota','Corolla',4);
insert into vehicle_services values('Power steering check','Toyota','Corolla',1);
insert into vehicle_services values('Spark plugs replacement','Toyota','Corolla',4);
insert into vehicle_services values('Suspension check','Toyota','Corolla',1);
insert into vehicle_services values('Tail lights replacement','Toyota','Corolla',2);
insert into vehicle_services values('Turn lights replacement','Toyota','Corolla',4);
insert into vehicle_services values('Valve replacement','Toyota','Corolla',4);
insert into vehicle_services values('Wheel alignment','Toyota','Corolla',2);
insert into vehicle_services values('Wiper check','Toyota','Corolla',1);
insert into vehicle_services values('Air filter change','Toyota','Prius',1);
insert into vehicle_services values('Battery replacement','Toyota','Prius',1);
insert into vehicle_services values('Brake check','Toyota','Prius',1);
insert into vehicle_services values('Brake repair','Toyota','Prius',4);
insert into vehicle_services values('Camshaft replacement','Toyota','Prius',1);
insert into vehicle_services values('Catalytic convertor replacement','Toyota','Prius',1);
insert into vehicle_services values('Coolant recycle','Toyota','Prius',1);
insert into vehicle_services values('Drive belt replacement','Toyota','Prius',1);
insert into vehicle_services values('Engine oil change','Toyota','Prius',1);
insert into vehicle_services values('Gearbox repair','Toyota','Prius',6);
insert into vehicle_services values('Headlights replacement','Toyota','Prius',2);
insert into vehicle_services values('Oil filter change','Toyota','Prius',1);
insert into vehicle_services values('Piston replacement','Toyota','Prius',4);
insert into vehicle_services values('Power steering check','Toyota','Prius',1);
insert into vehicle_services values('Spark plugs replacement','Toyota','Prius',4);
insert into vehicle_services values('Suspension check','Toyota','Prius',1);
insert into vehicle_services values('Tail lights replacement','Toyota','Prius',2);
insert into vehicle_services values('Turn lights replacement','Toyota','Prius',4);
insert into vehicle_services values('Valve replacement','Toyota','Prius',4);
insert into vehicle_services values('Wheel alignment','Toyota','Prius',2);
insert into vehicle_services values('Wiper check','Toyota','Prius',1);
insert into vehicle_services values('Air filter change','Honda','Civic',1);
insert into vehicle_services values('Battery replacement','Honda','Civic',1);
insert into vehicle_services values('Brake check','Honda','Civic',1);
insert into vehicle_services values('Brake repair','Honda','Civic',4);
insert into vehicle_services values('Camshaft replacement','Honda','Civic',1);
insert into vehicle_services values('Catalytic convertor replacement','Honda','Civic',1);
insert into vehicle_services values('Coolant recycle','Honda','Civic',1);
insert into vehicle_services values('Drive belt replacement','Honda','Civic',1);
insert into vehicle_services values('Engine oil change','Honda','Civic',1);
insert into vehicle_services values('Gearbox repair','Honda','Civic',12);
insert into vehicle_services values('Headlights replacement','Honda','Civic',2);
insert into vehicle_services values('Oil filter change','Honda','Civic',1);
insert into vehicle_services values('Piston replacement','Honda','Civic',4);
insert into vehicle_services values('Power steering check','Honda','Civic',1);
insert into vehicle_services values('Spark plugs replacement','Honda','Civic',4);
insert into vehicle_services values('Suspension check','Honda','Civic',1);
insert into vehicle_services values('Tail lights replacement','Honda','Civic',2);
insert into vehicle_services values('Turn lights replacement','Honda','Civic',4);
insert into vehicle_services values('Valve replacement','Honda','Civic',4);
insert into vehicle_services values('Wheel alignment','Honda','Civic',2);
insert into vehicle_services values('Wiper check','Honda','Civic',1);
insert into vehicle_services values('Air filter change','Honda','Accord',2);
insert into vehicle_services values('Battery replacement','Honda','Accord',1);
insert into vehicle_services values('Brake check','Honda','Accord',1);
insert into vehicle_services values('Brake repair','Honda','Accord',4);
insert into vehicle_services values('Camshaft replacement','Honda','Accord',1);
insert into vehicle_services values('Catalytic convertor replacement','Honda','Accord',1);
insert into vehicle_services values('Coolant recycle','Honda','Accord',1);
insert into vehicle_services values('Drive belt replacement','Honda','Accord',1);
insert into vehicle_services values('Engine oil change','Honda','Accord',1);
insert into vehicle_services values('Gearbox repair','Honda','Accord',7);
insert into vehicle_services values('Headlights replacement','Honda','Accord',2);
insert into vehicle_services values('Oil filter change','Honda','Accord',1);
insert into vehicle_services values('Piston replacement','Honda','Accord',4);
insert into vehicle_services values('Power steering check','Honda','Accord',1);
insert into vehicle_services values('Spark plugs replacement','Honda','Accord',4);
insert into vehicle_services values('Suspension check','Honda','Accord',1);
insert into vehicle_services values('Tail lights replacement','Honda','Accord',2);
insert into vehicle_services values('Turn lights replacement','Honda','Accord',4);
insert into vehicle_services values('Valve replacement','Honda','Accord',4);
insert into vehicle_services values('Wheel alignment','Honda','Accord',2);
insert into vehicle_services values('Wiper check','Honda','Accord',1);
insert into vehicle_services values('Air filter change','Nissan','Altima',1);
insert into vehicle_services values('Battery replacement','Nissan','Altima',1);
insert into vehicle_services values('Brake check','Nissan','Altima',1);
insert into vehicle_services values('Brake repair','Nissan','Altima',4);
insert into vehicle_services values('Camshaft replacement','Nissan','Altima',1);
insert into vehicle_services values('Catalytic convertor replacement','Nissan','Altima',1);
insert into vehicle_services values('Coolant recycle','Nissan','Altima',2);
insert into vehicle_services values('Drive belt replacement','Nissan','Altima',1);
insert into vehicle_services values('Engine oil change','Nissan','Altima',2);
insert into vehicle_services values('Gearbox repair','Nissan','Altima',7);
insert into vehicle_services values('Headlights replacement','Nissan','Altima',2);
insert into vehicle_services values('Oil filter change','Nissan','Altima',1);
insert into vehicle_services values('Piston replacement','Nissan','Altima',6);
insert into vehicle_services values('Power steering check','Nissan','Altima',1);
insert into vehicle_services values('Spark plugs replacement','Nissan','Altima',6);
insert into vehicle_services values('Suspension check','Nissan','Altima',1);
insert into vehicle_services values('Tail lights replacement','Nissan','Altima',2);
insert into vehicle_services values('Turn lights replacement','Nissan','Altima',4);
insert into vehicle_services values('Valve replacement','Nissan','Altima',6);
insert into vehicle_services values('Wheel alignment','Nissan','Altima',2);
insert into vehicle_services values('Wiper check','Nissan','Altima',1);
insert into vehicle_services values('Air filter change','Nissan','Rogue',3);
insert into vehicle_services values('Battery replacement','Nissan','Rogue',2);
insert into vehicle_services values('Brake check','Nissan','Rogue',2);
insert into vehicle_services values('Brake repair','Nissan','Rogue',4);
insert into vehicle_services values('Camshaft replacement','Nissan','Rogue',2);
insert into vehicle_services values('Catalytic convertor replacement','Nissan','Rogue',1);
insert into vehicle_services values('Coolant recycle','Nissan','Rogue',2);
insert into vehicle_services values('Drive belt replacement','Nissan','Rogue',1);
insert into vehicle_services values('Engine oil change','Nissan','Rogue',3);
insert into vehicle_services values('Gearbox repair','Nissan','Rogue',9);
insert into vehicle_services values('Headlights replacement','Nissan','Rogue',2);
insert into vehicle_services values('Oil filter change','Nissan','Rogue',2);
insert into vehicle_services values('Piston replacement','Nissan','Rogue',8);
insert into vehicle_services values('Power steering check','Nissan','Rogue',1);
insert into vehicle_services values('Spark plugs replacement','Nissan','Rogue',8);
insert into vehicle_services values('Suspension check','Nissan','Rogue',1);
insert into vehicle_services values('Tail lights replacement','Nissan','Rogue',2);
insert into vehicle_services values('Turn lights replacement','Nissan','Rogue',4);
insert into vehicle_services values('Valve replacement','Nissan','Rogue',8);
insert into vehicle_services values('Wheel alignment','Nissan','Rogue',2);
insert into vehicle_services values('Wiper check','Nissan','Rogue',1);

insert into repairs values('Engine knock', 'Timing issue', 75);
insert into repairs values('Car drifts in a particular direction', 'Wheel alignment issue', 50);
insert into repairs values('Battery does not hold charge', 'Battery needs replacement', 25);
insert into repairs values('Black/unclean exhaust', 'Bad catalytic convertor and filters', 75);
insert into repairs values('A/C-Heater not working', 'Drive belt damaged, coolant not enough, weak battery', 50);
insert into repairs values('Headlamps/Tail lamps not working', 'Light assembly damaged', 30);
insert into repairs values('Check engine light', 'Gearbox and Torque convertor issue', 100);

insert into owns values('XYZ-5643', 1001);
insert into owns values('AHS-3132', 1001);
insert into owns values('IRM-1212', 1002);
insert into owns values('TSW-3462', 1003);
insert into owns values('DEL-8888', 1003);
insert into owns values('P11-212A', 1004);
insert into owns values('WIM-BLE5', 1004);

insert into maintainance (vehicle_make, vehicle_model, service_name, service_type, miles) values('Toyota', 'Corolla', 'Engine oil change', 'A',5);
insert into maintainance (vehicle_make, vehicle_model, service_name, service_type, miles) values('Toyota', 'Corolla', 'Coolant recycle', 'A',5);
insert into maintainance (vehicle_make, vehicle_model, service_name, service_type, miles) values('Toyota', 'Corolla', 'Air filter change', 'B',25);
insert into maintainance  (vehicle_make, vehicle_model, service_name, service_type, miles) values('Toyota', 'Corolla', 'Oil filter change', 'B',25);
insert into maintainance  (vehicle_make, vehicle_model, service_name, service_type, miles) values('Toyota', 'Corolla', 'Brake check', 'B',25);
insert into maintainance  (vehicle_make, vehicle_model, service_name, service_type, miles) values('Toyota', 'Corolla', 'Wiper check', 'B',25);
insert into maintainance  (vehicle_make, vehicle_model, service_name, service_type, miles) values('Toyota', 'Corolla', 'Spark plugs replacement', 'B',25);
insert into maintainance  (vehicle_make, vehicle_model, service_name, service_type, miles) values('Toyota', 'Corolla', 'Suspension check', 'C',45);
insert into maintainance  (vehicle_make, vehicle_model, service_name, service_type, miles) values('Toyota', 'Corolla', 'Brake repair', 'C',45);
insert into maintainance  (vehicle_make, vehicle_model, service_name, service_type, miles) values('Toyota', 'Corolla', 'Power steering check', 'C',45);
insert into maintainance  (vehicle_make, vehicle_model, service_name, service_type, miles) values('Toyota', 'Prius', 'Engine oil change', 'A',10);
insert into maintainance  (vehicle_make, vehicle_model, service_name, service_type, miles) values('Toyota', 'Prius', 'Coolant recycle', 'A',10);
insert into maintainance  (vehicle_make, vehicle_model, service_name, service_type, miles) values('Toyota', 'Prius', 'Oil filter change', 'A',10);
insert into maintainance  (vehicle_make, vehicle_model, service_name, service_type, miles) values('Toyota', 'Prius', 'Air filter change', 'B',28);
insert into maintainance  (vehicle_make, vehicle_model, service_name, service_type, miles) values('Toyota', 'Prius', 'Brake check', 'B',28);
insert into maintainance  (vehicle_make, vehicle_model, service_name, service_type, miles) values('Toyota', 'Prius', 'Wiper check', 'B',28);
insert into maintainance  (vehicle_make, vehicle_model, service_name, service_type, miles) values('Toyota', 'Prius', 'Spark plugs replacement', 'B',28);
insert into maintainance  (vehicle_make, vehicle_model, service_name, service_type, miles) values('Toyota', 'Prius', 'Battery replacement', 'B',28);
insert into maintainance  (vehicle_make, vehicle_model, service_name, service_type, miles) values('Toyota', 'Prius', 'Suspension check', 'C',58);
insert into maintainance  (vehicle_make, vehicle_model, service_name, service_type, miles) values('Toyota', 'Prius', 'Brake repair', 'C',58);
insert into maintainance  (vehicle_make, vehicle_model, service_name, service_type, miles) values('Toyota', 'Prius', 'Power steering check', 'C',58);
insert into maintainance  (vehicle_make, vehicle_model, service_name, service_type, miles) values('Nissan', 'Altima', 'Engine oil change', 'A',10);
insert into maintainance  (vehicle_make, vehicle_model, service_name, service_type, miles) values('Nissan', 'Altima', 'Coolant recycle', 'A',10);
insert into maintainance  (vehicle_make, vehicle_model, service_name, service_type, miles) values('Nissan', 'Altima', 'Oil filter change', 'A',10);
insert into maintainance  (vehicle_make, vehicle_model, service_name, service_type, miles) values('Nissan', 'Altima', 'Air filter change', 'A',10);
insert into maintainance  (vehicle_make, vehicle_model, service_name, service_type, miles) values('Nissan', 'Altima', 'Brake check', 'B',25);
insert into maintainance  (vehicle_make, vehicle_model, service_name, service_type, miles) values('Nissan', 'Altima', 'Wiper check', 'B',25);
insert into maintainance  (vehicle_make, vehicle_model, service_name, service_type, miles) values('Nissan', 'Altima', 'Spark plugs replacement', 'C',50);
insert into maintainance  (vehicle_make, vehicle_model, service_name, service_type, miles) values('Nissan', 'Altima', 'Suspension check', 'C',50);
insert into maintainance  (vehicle_make, vehicle_model, service_name, service_type, miles) values('Nissan', 'Altima', 'Brake repair', 'C',50);
insert into maintainance  (vehicle_make, vehicle_model, service_name, service_type, miles) values('Nissan', 'Altima', 'Power steering check', 'C',50);
insert into maintainance  (vehicle_make, vehicle_model, service_name, service_type, miles) values('Nissan', 'Rogue', 'Engine oil change', 'A',10);
insert into maintainance  (vehicle_make, vehicle_model, service_name, service_type, miles) values('Nissan', 'Rogue', 'Coolant recycle', 'A',10);
insert into maintainance  (vehicle_make, vehicle_model, service_name, service_type, miles) values('Nissan', 'Rogue', 'Oil filter change', 'A',10);
insert into maintainance  (vehicle_make, vehicle_model, service_name, service_type, miles) values('Nissan', 'Rogue', 'Air filter change', 'A',10);
insert into maintainance  (vehicle_make, vehicle_model, service_name, service_type, miles) values('Nissan', 'Rogue', 'Brake check', 'A',10);
insert into maintainance  (vehicle_make, vehicle_model, service_name, service_type, miles) values('Nissan', 'Rogue', 'Power steering check', 'A',10);
insert into maintainance  (vehicle_make, vehicle_model, service_name, service_type, miles) values('Nissan', 'Rogue', 'Wiper check', 'B',37);
insert into maintainance  (vehicle_make, vehicle_model, service_name, service_type, miles) values('Nissan', 'Rogue', 'Spark plugs replacement', 'B',37);
insert into maintainance  (vehicle_make, vehicle_model, service_name, service_type, miles) values('Nissan', 'Rogue', 'Suspension check', 'B',37);
insert into maintainance  (vehicle_make, vehicle_model, service_name, service_type, miles) values('Nissan', 'Rogue', 'Battery replacement', 'C',70);
insert into maintainance  (vehicle_make, vehicle_model, service_name, service_type, miles) values('Nissan', 'Rogue', 'Brake repair', 'C',70);
insert into maintainance  (vehicle_make, vehicle_model, service_name, service_type, miles) values('Honda', 'Accord', 'Engine oil change', 'A',15);
insert into maintainance  (vehicle_make, vehicle_model, service_name, service_type, miles) values('Honda', 'Accord', 'Coolant recycle', 'A',15);
insert into maintainance  (vehicle_make, vehicle_model, service_name, service_type, miles) values('Honda', 'Accord', 'Oil filter change', 'A',15);
insert into maintainance  (vehicle_make, vehicle_model, service_name, service_type, miles) values('Honda', 'Accord', 'Air filter change', 'A',15);
insert into maintainance  (vehicle_make, vehicle_model, service_name, service_type, miles) values('Honda', 'Accord', 'Brake check', 'B',37);
insert into maintainance  (vehicle_make, vehicle_model, service_name, service_type, miles) values('Honda', 'Accord', 'Wiper check', 'B',37);
insert into maintainance  (vehicle_make, vehicle_model, service_name, service_type, miles) values('Honda', 'Accord', 'Spark plugs replacement', 'B',37);
insert into maintainance  (vehicle_make, vehicle_model, service_name, service_type, miles) values('Honda', 'Accord', 'Power steering check', 'C',67);
insert into maintainance  (vehicle_make, vehicle_model, service_name, service_type, miles) values('Honda', 'Accord', 'Suspension check', 'C',67);
insert into maintainance  (vehicle_make, vehicle_model, service_name, service_type, miles) values('Honda', 'Accord', 'Brake repair', 'C',67);
insert into maintainance  (vehicle_make, vehicle_model, service_name, service_type, miles) values('Honda', 'Civic', 'Engine oil change', 'A',14);
insert into maintainance  (vehicle_make, vehicle_model, service_name, service_type, miles) values('Honda', 'Civic', 'Coolant recycle', 'A',14);
insert into maintainance  (vehicle_make, vehicle_model, service_name, service_type, miles) values('Honda', 'Civic', 'Brake check', 'A',14);
insert into maintainance  (vehicle_make, vehicle_model, service_name, service_type, miles) values('Honda', 'Civic', 'Brake repair', 'B',29);
insert into maintainance  (vehicle_make, vehicle_model, service_name, service_type, miles) values('Honda', 'Civic', 'Oil filter change', 'B',29);
insert into maintainance  (vehicle_make, vehicle_model, service_name, service_type, miles) values('Honda', 'Civic', 'Air filter change', 'B',29);
insert into maintainance  (vehicle_make, vehicle_model, service_name, service_type, miles) values('Honda', 'Civic', 'Wiper check', 'B',29);
insert into maintainance  (vehicle_make, vehicle_model, service_name, service_type, miles) values('Honda', 'Civic', 'Spark plugs replacement', 'B',29);
insert into maintainance  (vehicle_make, vehicle_model, service_name, service_type, miles) values('Honda', 'Civic', 'Power steering check', 'C',44);
insert into maintainance  (vehicle_make, vehicle_model, service_name, service_type, miles) values('Honda', 'Civic', 'Suspension check', 'C',44);


Insert into repair_services values ('Drive belt replacement', 'Engine knock');
Insert into repair_services values ('Spark plugs replacement', 'Engine knock');
Insert into repair_services values ('Camshaft replacement', 'Engine knock');
Insert into repair_services values ('Valve replacement', 'Engine knock');
Insert into repair_services values ('Wheel alignment', 'Car drifts in a particular direction');
Insert into repair_services values ('Battery replacement', 'Battery does not hold charge');
Insert into repair_services values ('Air filter change', 'Black/unclean exhaust');
Insert into repair_services values ('Oil filter change', 'Black/unclean exhaust');
Insert into repair_services values ('Catalytic convertor replacement', 'Black/unclean exhaust');
Insert into repair_services values ('Drive belt replacement', 'A/C-Heater not working');
Insert into repair_services values ('Coolant recycle', 'A/C-Heater not working');
Insert into repair_services values ('Battery replacement', 'A/C-Heater not working');
Insert into repair_services values ('Headlights replacement', 'Headlamps/Tail lamps not working');
Insert into repair_services values ('Tail lights replacement', 'Headlamps/Tail lamps not working');
Insert into repair_services values ('Turn lights replacement', 'Headlamps/Tail lamps not working');
Insert into repair_services values ('Piston replacement', 'Check engine light');
Insert into repair_services values ('Gearbox repair', 'Check engine light');
Insert into repair_services values ('Camshaft replacement', 'Check engine light');
Insert into repair_services values ('Valve replacement', 'Check engine light');

insert into supplies values ( 'D0001', 'Air Filter','Honda',NULL);
insert into supplies values ( 'D0002', 'Air Filter', 'Honda',3);
insert into supplies values ( 'D0001', 'Axel Rod', 'Honda',5);
insert into supplies values ( 'D0002', 'Axel Rod', 'Honda',NULL);
insert into supplies values ( 'D0001', 'Battery', 'Honda',4);
insert into supplies values ( 'D0002', 'Battery', 'Honda',NULL);
insert into supplies values ( 'D0001', 'Brake Fluid', 'Honda',NULL);
insert into supplies values ( 'D0002', 'Brake Fluid', 'Honda',4);
insert into supplies values ( 'D0001', 'Brake Shoes', 'Honda',NULL);
insert into supplies values ( 'D0002', 'Brake Shoes', 'Honda',5);
insert into supplies values ( 'D0001', 'Camshaft', 'Honda',4);
insert into supplies values ( 'D0002', 'Camshaft', 'Honda',NULL);
insert into supplies values ( 'D0001', 'Catalytic converter', 'Honda',NULL);
insert into supplies values ( 'D0002', 'Catalytic converter', 'Honda',3);
insert into supplies values ( 'D0001', 'Coolant', 'Honda',NULL);
insert into supplies values ( 'D0002', 'Coolant', 'Honda',4);
insert into supplies values ( 'D0001', 'Drive belt', 'Honda',NULL);
insert into supplies values ( 'D0002', 'Drive belt', 'Honda',2);
insert into supplies values ( 'D0001', 'Engine oil', 'Honda',2);
insert into supplies values ( 'D0002', 'Engine oil', 'Honda',NULL);
insert into supplies values ( 'D0001', 'Gears', 'Honda',5);
insert into supplies values ( 'D0002', 'Gears', 'Honda',NULL);
insert into supplies values ( 'D0001', 'Light assembly', 'Honda',3);
insert into supplies values ( 'D0002', 'Light assembly', 'Honda',NULL);
insert into supplies values ( 'D0001', 'Oil Filter', 'Honda',4);
insert into supplies values ( 'D0002', 'Oil Filter', 'Honda',NULL);
insert into supplies values ( 'D0001', 'Piston', 'Honda',2);
insert into supplies values ( 'D0002', 'Piston', 'Honda',NULL);
insert into supplies values ( 'D0001', 'Power Steering Fluid', 'Honda',5);
insert into supplies values ( 'D0002', 'Power Steering Fluid', 'Honda',NULL);
insert into supplies values ( 'D0001', 'Spark plug', 'Honda',NULL);
insert into supplies values ( 'D0002', 'Spark plug', 'Honda',5);
insert into supplies values ( 'D0001', 'Suspension fluid', 'Honda',NULL);
insert into supplies values ( 'D0002', 'Suspension fluid', 'Honda',3);
insert into supplies values ( 'D0001', 'Valve', 'Honda',3);
insert into supplies values ( 'D0002', 'Valve', 'Honda',NULL);
insert into supplies values ( 'D0001', 'Wiper Fluid', 'Honda',NULL);
insert into supplies values ( 'D0002', 'Wiper Fluid', 'Honda',3);
insert into supplies values ( 'D0001', 'Air Filter','Toyota',NULL);
insert into supplies values ( 'D0002', 'Air Filter', 'Toyota',3);
insert into supplies values ( 'D0001', 'Axel Rod', 'Toyota',5);
insert into supplies values ( 'D0002', 'Axel Rod', 'Toyota',NULL);
insert into supplies values ( 'D0001', 'Battery', 'Toyota',4);
insert into supplies values ( 'D0002', 'Battery', 'Toyota',NULL);
insert into supplies values ( 'D0001', 'Brake Fluid', 'Toyota',NULL);
insert into supplies values ( 'D0002', 'Brake Fluid', 'Toyota',4);
insert into supplies values ( 'D0001', 'Brake Shoes', 'Toyota',NULL);
insert into supplies values ( 'D0002', 'Brake Shoes', 'Toyota',5);
insert into supplies values ( 'D0001', 'Camshaft', 'Toyota',4);
insert into supplies values ( 'D0002', 'Camshaft', 'Toyota',NULL);
insert into supplies values ( 'D0001', 'Catalytic converter', 'Toyota',NULL);
insert into supplies values ( 'D0002', 'Catalytic converter', 'Toyota',3);
insert into supplies values ( 'D0001', 'Coolant', 'Toyota',NULL);
insert into supplies values ( 'D0002', 'Coolant', 'Toyota',4);
insert into supplies values ( 'D0001', 'Drive belt', 'Toyota',NULL);
insert into supplies values ( 'D0002', 'Drive belt', 'Toyota',2);
insert into supplies values ( 'D0001', 'Engine oil', 'Toyota',2);
insert into supplies values ( 'D0002', 'Engine oil', 'Toyota',NULL);
insert into supplies values ( 'D0001', 'Gears', 'Toyota',5);
insert into supplies values ( 'D0002', 'Gears', 'Toyota',NULL);
insert into supplies values ( 'D0001', 'Light assembly', 'Toyota',3);
insert into supplies values ( 'D0002', 'Light assembly', 'Toyota',NULL);
insert into supplies values ( 'D0001', 'Oil Filter', 'Toyota',4);
insert into supplies values ( 'D0002', 'Oil Filter', 'Toyota',NULL);
insert into supplies values ( 'D0001', 'Piston', 'Toyota',2);
insert into supplies values ( 'D0002', 'Piston', 'Toyota',NULL);
insert into supplies values ( 'D0001', 'Power Steering Fluid', 'Toyota',5);
insert into supplies values ( 'D0002', 'Power Steering Fluid', 'Toyota',NULL);
insert into supplies values ( 'D0001', 'Spark plug', 'Toyota',NULL);
insert into supplies values ( 'D0002', 'Spark plug', 'Toyota',5);
insert into supplies values ( 'D0001', 'Suspension fluid', 'Toyota',NULL);
insert into supplies values ( 'D0002', 'Suspension fluid', 'Toyota',3);
insert into supplies values ( 'D0001', 'Valve', 'Toyota',3);
insert into supplies values ( 'D0002', 'Valve', 'Toyota',NULL);
insert into supplies values ( 'D0001', 'Wiper Fluid', 'Toyota',NULL);
insert into supplies values ( 'D0002', 'Wiper Fluid', 'Toyota',3);
insert into supplies values ( 'D0001', 'Air Filter','Nissan',NULL);
insert into supplies values ( 'D0002', 'Air Filter', 'Nissan',3);
insert into supplies values ( 'D0001', 'Axel Rod', 'Nissan',5);
insert into supplies values ( 'D0002', 'Axel Rod', 'Nissan',NULL);
insert into supplies values ( 'D0001', 'Battery', 'Nissan',4);
insert into supplies values ( 'D0002', 'Battery', 'Nissan',NULL);
insert into supplies values ( 'D0001', 'Brake Fluid', 'Nissan',NULL);
insert into supplies values ( 'D0002', 'Brake Fluid', 'Nissan',4);
insert into supplies values ( 'D0001', 'Brake Shoes', 'Nissan',NULL);
insert into supplies values ( 'D0002', 'Brake Shoes', 'Nissan',5);
insert into supplies values ( 'D0001', 'Camshaft', 'Nissan',4);
insert into supplies values ( 'D0002', 'Camshaft', 'Nissan',NULL);
insert into supplies values ( 'D0001', 'Catalytic converter', 'Nissan',NULL);
insert into supplies values ( 'D0002', 'Catalytic converter', 'Nissan',3);
insert into supplies values ( 'D0001', 'Coolant', 'Nissan',NULL);
insert into supplies values ( 'D0002', 'Coolant', 'Nissan',4);
insert into supplies values ( 'D0001', 'Drive belt', 'Nissan',NULL);
insert into supplies values ( 'D0002', 'Drive belt', 'Nissan',2);
insert into supplies values ( 'D0001', 'Engine oil', 'Nissan',2);
insert into supplies values ( 'D0002', 'Engine oil', 'Nissan',NULL);
insert into supplies values ( 'D0001', 'Gears', 'Nissan',5);
insert into supplies values ( 'D0002', 'Gears', 'Nissan',NULL);
insert into supplies values ( 'D0001', 'Light assembly', 'Nissan',3);
insert into supplies values ( 'D0002', 'Light assembly', 'Nissan',NULL);
insert into supplies values ( 'D0001', 'Oil Filter', 'Nissan',4);
insert into supplies values ( 'D0002', 'Oil Filter', 'Nissan',NULL);
insert into supplies values ( 'D0001', 'Piston', 'Nissan',2);
insert into supplies values ( 'D0002', 'Piston', 'Nissan',NULL);
insert into supplies values ( 'D0001', 'Power Steering Fluid', 'Nissan',5);
insert into supplies values ( 'D0002', 'Power Steering Fluid', 'Nissan',NULL);
insert into supplies values ( 'D0001', 'Spark plug', 'Nissan',NULL);
insert into supplies values ( 'D0002', 'Spark plug', 'Nissan',5);
insert into supplies values ( 'D0001', 'Suspension fluid', 'Nissan',NULL);
insert into supplies values ( 'D0002', 'Suspension fluid', 'Nissan',3);
insert into supplies values ( 'D0001', 'Valve', 'Nissan',3);
insert into supplies values ( 'D0002', 'Valve', 'Nissan',NULL);
insert into supplies values ( 'D0001', 'Wiper Fluid', 'Nissan',NULL);
insert into supplies values ( 'D0002', 'Wiper Fluid', 'Nissan',3);


INSERT INTO orders(order_id, placed_date, expected_date,  actual_date, vehicle_make, part_name, quantity, origin, destination, status) VALUES (1, '9-Jun-2014',  '13-Jun-2014',  '18-Jun-2014',  'Toyota',  'Battery',  5,  'D0001',  'S0001',  'Complete');
INSERT INTO orders(order_id, placed_date, expected_date,  actual_date, vehicle_make, part_name, quantity, origin, destination, status) VALUES (2, '16-Sep-2015',  '21-Sep-2015',  '21-Sep-2015',  'Honda',  'Wiper Fluid',  5,  'D0002', 'S0001',  'Complete');
INSERT INTO orders(order_id, placed_date, expected_date,  actual_date, vehicle_make, part_name, quantity, origin, destination, status) VALUES (3, '10-Feb-2016',  '11-Feb-2016',  '11-Feb-2016',  'Honda',  'Gears',  5,  'S0001',  'S0002',  'Complete');
INSERT INTO orders(order_id, placed_date, expected_date,  actual_date, vehicle_make, part_name, quantity, origin, destination, status) VALUES (4, '9-Aug-2017',  '10-Aug-2017', '11-Aug-2017',  'Nissan',  'Coolant',  4,  'S0002',  'S0001',  'Complete');
INSERT INTO orders(order_id, placed_date, expected_date,  actual_date, vehicle_make, part_name, quantity, origin, destination, status) VALUES (5, '4-Oct-2018',  '5-Oct-2018',  '5-Oct-2018',  'Toyota',  'Air Filter',  6,  'S0001',  'S0002', 'Complete');
INSERT INTO orders(order_id, placed_date, expected_date,  actual_date, vehicle_make, part_name, quantity, origin, destination, status) VALUES (6, '26-Oct-2018', '1-Nov-2018', '5-Nov-2018', 'Nissan',  'Camshaft',  5,  'D0001',  'S0001',  'Complete'); 
INSERT INTO orders(order_id, placed_date, expected_date,  actual_date, vehicle_make, part_name , quantity, origin, destination, status) VALUES (7, '9-Nov-2018',  '14-Nov-2018',  NULL,  'Honda',  'Wiper Fluid',  7,  'D0002',  'S0002',  'Pending');
INSERT INTO orders(order_id, placed_date, expected_date,  actual_date, vehicle_make, part_name, quantity, origin, destination, status) VALUES (8, '7-Nov-2018',  '14-Nov-2018',  NULL,  'Honda',  'Axel Rod',  12,  'D0001',  'S0002',  'Pending');
INSERT INTO orders(order_id, placed_date, expected_date,  actual_date, vehicle_make, part_name, quantity, origin, destination, status) VALUES (9, '8-Nov-2018',  '14-Nov-2018',  NULL,  'Honda',  'Camshaft',  6,  'D0001',  'S0002',  'Pending');


INSERT INTO Login_Details(username, password, account_type, id) VALUES ('lacohen', 'lacohen123', 'manager', 950932130); 	
INSERT INTO Login_Details(username, password, account_type, id) VALUES ('wimartin', 'wimartin123', 'receptionist', 634622236);
INSERT INTO Login_Details(username, password, account_type, id) VALUES ('rophillips', 'rophillips123', 'manager', 291056276);
INSERT INTO Login_Details(username, password, account_type, id) VALUES ('deholmes', 'deholmes123', 'receptionist', 911639633);
INSERT INTO Login_Details(username, password, account_type, id) VALUES ('ethanhunt', 'ethanhunt123', 'customer', 1001);
INSERT INTO Login_Details(username, password, account_type, id) VALUES ('jarvis', 'jarvis123', 'customer', 1002);
INSERT INTO Login_Details(username, password, account_type, id) VALUES ('lovestory', 'lovestory123', 'customer', 1003);
INSERT INTO Login_Details(username, password, account_type, id) VALUES ('venus', 'venus123', 'customer', 1004);



INSERT INTO notification(delivery_date, service_center_id, message) VALUES ('5-Nov-2018', 'S0001', '5 Camshaft from D0001 delayed by 2 business days');
INSERT INTO notification(delivery_date, service_center_id, message) VALUES ('11-Aug-2017', 'S0002',  '4 Coolant from D0002 delayed by 1 business day');
INSERT INTO notification(delivery_date, service_center_id, message) VALUES ('18-Jun-2014', 'S0001',  '5 Battery from D0001 delayed by 3 business days');

INSERT INTO appointment(customer_id,license_plate_num, service_type, appointment_date_time, preferred_mechanic_id, invoice_amount) VALUES (1001, 'XYZ-5643', 'Maintenance Service C', '10-Sep-2018 10:00:00', '557279280', 0);
INSERT INTO appointment(customer_id,license_plate_num, service_type, appointment_date_time, preferred_mechanic_id, invoice_amount) VALUES (1001, 'XYZ-5643', 'Maintenance Service B', '25-Feb-2018 9:00:00', '557279281', 0);
INSERT INTO appointment(customer_id,license_plate_num, service_type, appointment_date_time, preferred_mechanic_id, invoice_amount) VALUES (1001, 'XYZ-5643', 'Maintenance Service A', '15-Oct-2017 8:00:00', '183683346', 0);
INSERT INTO appointment(customer_id,license_plate_num, service_type, appointment_date_time, preferred_mechanic_id, invoice_amount) VALUES (1001, 'AHS-3132', 'Repair (Diagnostic: Battery Does not Hold Charge)', '6-Aug-2018 8:00:00', '557279282', 0);
INSERT INTO appointment(customer_id,license_plate_num, service_type, appointment_date_time, preferred_mechanic_id, invoice_amount) VALUES (1001, 'AHS-3132', 'Maintenance Service B',  '15-May-2018 10:30:00',  '557279283', 0);
INSERT INTO appointment(customer_id,license_plate_num, service_type, appointment_date_time, preferred_mechanic_id, invoice_amount) VALUES (1001, 'AHS-3132', 'Maintenance Service A', '28-Jan-2018 12.00:00', '557279283', 0);
INSERT INTO appointment(customer_id,license_plate_num, service_type, appointment_date_time, preferred_mechanic_id, invoice_amount) VALUES (1002, 'IRM-1212', 'Maintenance Service A', '11-Feb-2018 8:30:00', '557279281', 0);
INSERT INTO appointment(customer_id,license_plate_num, service_type, appointment_date_time, preferred_mechanic_id, invoice_amount) VALUES (1002, 'IRM-1212', 'Maintenance Service C', '10-Dec-2017 9:30:00', '557279281', 0);
INSERT INTO appointment(customer_id,license_plate_num, service_type, appointment_date_time, preferred_mechanic_id, invoice_amount) VALUES (1002, 'IRM-1212', 'Maintenance Service B', '20-Jan-2017 10:00:00', '557279281', 0);
INSERT INTO appointment(customer_id,license_plate_num, service_type, appointment_date_time, preferred_mechanic_id, invoice_amount) VALUES (1003, 'DEL-8888', 'Maintenance Service A', '11-Feb-2018 8:30:00', '187658163', 0);
INSERT INTO appointment(customer_id,license_plate_num, service_type, appointment_date_time, preferred_mechanic_id, invoice_amount) VALUES (1003, 'DEL-8888', 'Repair (Diagnostic: Headlamps/Tail lamps not working)',  '5-Nov-2016 9:00:00', '401671897', 0);


